-- Adminer 5.2.1 MySQL 8.0.44 dump

SET NAMES utf8;
SET time_zone = '+00:00';
SET foreign_key_checks = 0;
SET sql_mode = 'NO_AUTO_VALUE_ON_ZERO';

SET NAMES utf8mb4;

DROP TABLE IF EXISTS `parent_child`;
CREATE TABLE `parent_child` (
  `parent_id` bigint NOT NULL,
  `child_id` bigint NOT NULL,
  `updated_at` timestamp NULL DEFAULT NULL,
  `created_at` timestamp NULL DEFAULT NULL,
  PRIMARY KEY (`parent_id`,`child_id`)
) ENGINE=InnoDB DEFAULT CHARSET=utf8mb4 COLLATE=utf8mb4_unicode_ci;

INSERT INTO `parent_child` (`parent_id`, `child_id`, `updated_at`, `created_at`) VALUES
(2,	1,	'2025-12-31 15:57:10',	'2025-12-31 15:57:10'),
(2,	4,	'2025-12-31 15:57:47',	'2025-12-31 15:57:47'),
(3,	1,	'2025-12-31 15:57:25',	'2025-12-31 15:57:25'),
(3,	4,	'2025-12-31 15:57:47',	'2025-12-31 15:57:47'),
(6,	3,	'2025-12-31 15:58:35',	'2025-12-31 15:58:35'),
(6,	8,	'2025-12-31 15:59:23',	'2025-12-31 15:59:23'),
(6,	9,	'2025-12-31 15:59:41',	'2025-12-31 15:59:41'),
(7,	3,	'2025-12-31 15:58:52',	'2025-12-31 15:58:52'),
(7,	8,	'2025-12-31 15:59:23',	'2025-12-31 15:59:23'),
(7,	9,	'2025-12-31 15:59:41',	'2025-12-31 15:59:41'),
(8,	11,	'2025-12-31 16:00:37',	'2025-12-31 16:00:37'),
(8,	12,	'2025-12-31 16:00:59',	'2025-12-31 16:00:59'),
(8,	13,	'2025-12-31 16:01:18',	'2025-12-31 16:01:18'),
(10,	11,	'2025-12-31 16:00:37',	'2025-12-31 16:00:37'),
(10,	12,	'2025-12-31 16:00:59',	'2025-12-31 16:00:59'),
(10,	13,	'2025-12-31 16:01:18',	'2025-12-31 16:01:18'),
(14,	2,	'2025-12-31 16:01:55',	'2025-12-31 16:01:55'),
(14,	16,	'2025-12-31 16:03:21',	'2025-12-31 16:03:21'),
(14,	17,	'2025-12-31 16:04:06',	'2025-12-31 16:04:06'),
(14,	18,	'2025-12-31 16:04:33',	'2025-12-31 16:04:33'),
(14,	19,	'2025-12-31 16:05:03',	'2025-12-31 16:05:03'),
(14,	20,	'2025-12-31 16:06:40',	'2025-12-31 16:06:40'),
(14,	21,	'2025-12-31 16:06:55',	'2025-12-31 16:06:55'),
(14,	22,	'2025-12-31 16:07:14',	'2025-12-31 16:07:14'),
(14,	54,	'2026-01-01 14:34:40',	'2026-01-01 14:34:40'),
(15,	2,	'2025-12-31 16:02:33',	'2025-12-31 16:02:33'),
(15,	16,	'2025-12-31 16:03:21',	'2025-12-31 16:03:21'),
(15,	17,	'2025-12-31 16:04:06',	'2025-12-31 16:04:06'),
(15,	18,	'2025-12-31 16:04:33',	'2025-12-31 16:04:33'),
(15,	19,	'2025-12-31 16:05:03',	'2025-12-31 16:05:03'),
(15,	20,	'2025-12-31 16:06:40',	'2025-12-31 16:06:40'),
(15,	21,	'2025-12-31 16:06:55',	'2025-12-31 16:06:55'),
(15,	22,	'2025-12-31 16:07:14',	'2025-12-31 16:07:14'),
(15,	54,	'2026-01-01 14:34:40',	'2026-01-01 14:34:40'),
(16,	23,	'2025-12-31 16:08:23',	'2025-12-31 16:08:23'),
(17,	28,	'2025-12-31 16:11:56',	'2025-12-31 16:11:56'),
(17,	29,	'2025-12-31 16:12:17',	'2025-12-31 16:12:17'),
(18,	43,	'2026-01-01 14:29:59',	'2026-01-01 14:29:59'),
(18,	44,	'2026-01-01 14:30:11',	'2026-01-01 14:30:11'),
(18,	45,	'2026-01-01 14:30:25',	'2026-01-01 14:30:25'),
(18,	46,	'2026-01-01 14:30:39',	'2026-01-01 14:30:39'),
(19,	33,	'2025-12-31 16:18:48',	'2025-12-31 16:18:48'),
(19,	34,	'2025-12-31 16:19:11',	'2025-12-31 16:19:11'),
(20,	47,	'2026-01-01 14:32:01',	'2026-01-01 14:32:01'),
(20,	48,	'2026-01-01 14:32:27',	'2026-01-01 14:32:27'),
(20,	49,	'2026-01-01 14:32:39',	'2026-01-01 14:32:39'),
(21,	51,	'2026-01-01 14:33:31',	'2026-01-01 14:33:31'),
(21,	52,	'2026-01-01 14:33:46',	'2026-01-01 14:33:46'),
(21,	53,	'2026-01-01 14:33:58',	'2026-01-01 14:33:58'),
(22,	30,	'2025-12-31 16:13:37',	'2025-12-31 16:13:37'),
(22,	31,	'2025-12-31 16:14:00',	'2025-12-31 16:14:00'),
(22,	41,	'2026-01-01 13:18:10',	'2026-01-01 13:18:10'),
(23,	25,	'2025-12-31 16:09:36',	'2025-12-31 16:09:36'),
(23,	26,	'2025-12-31 16:10:28',	'2025-12-31 16:10:28'),
(24,	25,	'2025-12-31 16:09:36',	'2025-12-31 16:09:36'),
(24,	26,	'2025-12-31 16:10:28',	'2025-12-31 16:10:28'),
(27,	28,	'2025-12-31 16:11:56',	'2025-12-31 16:11:56'),
(27,	29,	'2025-12-31 16:12:17',	'2025-12-31 16:12:17'),
(32,	33,	'2025-12-31 16:18:48',	'2025-12-31 16:18:48'),
(32,	34,	'2025-12-31 16:19:11',	'2025-12-31 16:19:11'),
(35,	47,	'2026-01-01 14:32:01',	'2026-01-01 14:32:01'),
(35,	48,	'2026-01-01 14:32:27',	'2026-01-01 14:32:27'),
(35,	49,	'2026-01-01 14:32:39',	'2026-01-01 14:32:39'),
(36,	5,	'2026-01-01 12:27:29',	'2026-01-01 12:27:29'),
(36,	39,	'2026-01-01 12:29:39',	'2026-01-01 12:29:39'),
(36,	40,	'2026-01-01 12:29:57',	'2026-01-01 12:29:57'),
(37,	5,	'2026-01-01 12:27:58',	'2026-01-01 12:27:58'),
(37,	39,	'2026-01-01 12:29:39',	'2026-01-01 12:29:39'),
(37,	40,	'2026-01-01 12:29:57',	'2026-01-01 12:29:57'),
(38,	5,	'2026-01-01 12:28:34',	'2026-01-01 12:28:34'),
(38,	39,	'2026-01-01 12:29:39',	'2026-01-01 12:29:39'),
(38,	40,	'2026-01-01 12:29:57',	'2026-01-01 12:29:57'),
(42,	43,	'2026-01-01 14:29:59',	'2026-01-01 14:29:59'),
(42,	44,	'2026-01-01 14:30:11',	'2026-01-01 14:30:11'),
(42,	45,	'2026-01-01 14:30:25',	'2026-01-01 14:30:25'),
(42,	46,	'2026-01-01 14:30:39',	'2026-01-01 14:30:39'),
(50,	51,	'2026-01-01 14:33:31',	'2026-01-01 14:33:31'),
(50,	52,	'2026-01-01 14:33:46',	'2026-01-01 14:33:46'),
(50,	53,	'2026-01-01 14:33:58',	'2026-01-01 14:33:58'),
(55,	14,	'2026-01-01 14:35:22',	'2026-01-01 14:35:22'),
(55,	57,	'2026-01-01 14:36:48',	'2026-01-01 14:36:48'),
(55,	59,	'2026-01-01 14:37:43',	'2026-01-01 14:37:43'),
(55,	61,	'2026-01-01 14:38:39',	'2026-01-01 14:38:39'),
(55,	63,	'2026-01-01 14:39:41',	'2026-01-01 14:39:41'),
(55,	64,	'2026-01-01 14:40:01',	'2026-01-01 14:40:01'),
(55,	65,	'2026-01-01 14:40:26',	'2026-01-01 14:40:26'),
(55,	66,	'2026-01-01 14:52:11',	'2026-01-01 14:52:11'),
(55,	67,	'2026-01-01 14:53:04',	'2026-01-01 14:53:04'),
(56,	14,	'2026-01-01 14:35:41',	'2026-01-01 14:35:41'),
(56,	57,	'2026-01-01 14:36:48',	'2026-01-01 14:36:48'),
(56,	59,	'2026-01-01 14:37:43',	'2026-01-01 14:37:43'),
(56,	61,	'2026-01-01 14:38:39',	'2026-01-01 14:38:39'),
(56,	63,	'2026-01-01 14:39:41',	'2026-01-01 14:39:41'),
(56,	64,	'2026-01-01 14:40:01',	'2026-01-01 14:40:01'),
(56,	65,	'2026-01-01 14:40:26',	'2026-01-01 14:40:26'),
(56,	66,	'2026-01-01 14:52:11',	'2026-01-01 14:52:11'),
(56,	67,	'2026-01-01 14:53:04',	'2026-01-01 14:53:04'),
(59,	68,	'2026-01-01 14:53:39',	'2026-01-01 14:53:39'),
(59,	69,	'2026-01-01 14:53:50',	'2026-01-01 14:53:50'),
(59,	70,	'2026-01-01 14:54:10',	'2026-01-01 14:54:10'),
(59,	71,	'2026-01-01 14:54:26',	'2026-01-01 14:54:26'),
(60,	68,	'2026-01-01 14:53:39',	'2026-01-01 14:53:39'),
(60,	69,	'2026-01-01 14:53:50',	'2026-01-01 14:53:50'),
(60,	70,	'2026-01-01 14:54:10',	'2026-01-01 14:54:10'),
(60,	71,	'2026-01-01 14:54:26',	'2026-01-01 14:54:26'),
(61,	72,	'2026-01-01 14:54:57',	'2026-01-01 14:54:57'),
(61,	73,	'2026-01-01 14:55:14',	'2026-01-01 14:55:14'),
(61,	74,	'2026-01-01 14:55:24',	'2026-01-01 14:55:24'),
(61,	75,	'2026-01-01 14:55:34',	'2026-01-01 14:55:34'),
(61,	76,	'2026-01-01 14:55:42',	'2026-01-01 14:55:42'),
(61,	78,	'2026-01-01 14:56:56',	'2026-01-01 14:56:56'),
(61,	79,	'2026-01-01 14:57:13',	'2026-01-01 14:57:13'),
(62,	72,	'2026-01-01 14:54:57',	'2026-01-01 14:54:57'),
(62,	73,	'2026-01-01 14:55:14',	'2026-01-01 14:55:14'),
(62,	74,	'2026-01-01 14:55:24',	'2026-01-01 14:55:24'),
(62,	75,	'2026-01-01 14:55:34',	'2026-01-01 14:55:34'),
(62,	76,	'2026-01-01 14:55:42',	'2026-01-01 14:55:42'),
(62,	78,	'2026-01-01 14:56:56',	'2026-01-01 14:56:56'),
(62,	79,	'2026-01-01 14:57:13',	'2026-01-01 14:57:13'),
(63,	77,	'2026-01-01 14:56:02',	'2026-01-01 14:56:02'),
(63,	80,	'2026-01-01 14:57:37',	'2026-01-01 14:57:37'),
(63,	81,	'2026-01-01 14:57:51',	'2026-01-01 14:57:51'),
(64,	82,	'2026-01-01 14:58:28',	'2026-01-01 14:58:28'),
(64,	83,	'2026-01-01 14:58:35',	'2026-01-01 14:58:35'),
(64,	84,	'2026-01-01 14:58:46',	'2026-01-01 14:58:46'),
(65,	86,	'2026-01-01 14:59:58',	'2026-01-01 14:59:58'),
(65,	87,	'2026-01-01 15:00:11',	'2026-01-01 15:00:11'),
(65,	88,	'2026-01-01 15:00:32',	'2026-01-01 15:00:32'),
(65,	89,	'2026-01-01 15:00:44',	'2026-01-01 15:00:44'),
(84,	85,	'2026-01-01 14:59:01',	'2026-01-01 14:59:01');

DROP TABLE IF EXISTS `persons`;
CREATE TABLE `persons` (
  `id` bigint NOT NULL AUTO_INCREMENT,
  `name` varchar(100) COLLATE utf8mb4_unicode_ci NOT NULL,
  `dob` date DEFAULT NULL,
  `gender` enum('male','female') COLLATE utf8mb4_unicode_ci NOT NULL,
  `added_by` int DEFAULT NULL,
  `root_user` tinyint NOT NULL DEFAULT '0',
  `address` varchar(500) COLLATE utf8mb4_unicode_ci DEFAULT NULL,
  `created_at` timestamp NULL DEFAULT CURRENT_TIMESTAMP,
  `updated_at` timestamp NULL DEFAULT NULL,
  PRIMARY KEY (`id`)
) ENGINE=InnoDB DEFAULT CHARSET=utf8mb4 COLLATE=utf8mb4_unicode_ci;

INSERT INTO `persons` (`id`, `name`, `dob`, `gender`, `added_by`, `root_user`, `address`, `created_at`, `updated_at`) VALUES
(1,	'Karthickraja',	'1996-03-23',	'male',	1,	1,	NULL,	'2025-12-31 15:56:53',	'2025-12-31 15:56:53'),
(2,	'Nagaraj',	'1970-01-01',	'male',	1,	0,	NULL,	'2025-12-31 15:57:10',	'2025-12-31 15:57:10'),
(3,	'Meena',	'1979-01-01',	'female',	1,	0,	NULL,	'2025-12-31 15:57:25',	'2025-12-31 15:57:25'),
(4,	'Ganesh Raja',	'1999-01-01',	'male',	1,	0,	NULL,	'2025-12-31 15:57:47',	'2025-12-31 15:57:47'),
(5,	'Bhuvana',	'2000-01-01',	'female',	1,	0,	NULL,	'2025-12-31 15:58:04',	'2025-12-31 15:58:04'),
(6,	'Nataraj',	'1962-01-01',	'male',	1,	0,	NULL,	'2025-12-31 15:58:35',	'2026-01-01 13:10:28'),
(7,	'Pandiyammal',	'1965-01-01',	'female',	1,	0,	NULL,	'2025-12-31 15:58:52',	'2025-12-31 15:58:52'),
(8,	'Murugan',	'1970-01-01',	'male',	1,	0,	'Kattayampatti, Madurai',	'2025-12-31 15:59:23',	'2026-01-01 13:27:34'),
(9,	'Kanna',	'1985-01-01',	'male',	1,	0,	NULL,	'2025-12-31 15:59:41',	'2025-12-31 15:59:41'),
(10,	'Santhi',	'1979-01-01',	'female',	1,	0,	NULL,	'2025-12-31 16:00:22',	'2025-12-31 16:00:22'),
(11,	'RajaPandi',	'2006-01-01',	'male',	1,	0,	NULL,	'2025-12-31 16:00:37',	'2025-12-31 16:00:37'),
(12,	'Thiruvasagam',	'2010-01-01',	'male',	1,	0,	NULL,	'2025-12-31 16:00:59',	'2025-12-31 16:00:59'),
(13,	'Ponmalini',	'2016-01-01',	'female',	1,	0,	NULL,	'2025-12-31 16:01:18',	'2025-12-31 16:01:18'),
(14,	'Raman',	'1950-01-01',	'male',	1,	0,	NULL,	'2025-12-31 16:01:55',	'2025-12-31 16:01:55'),
(15,	'Papathiyammal',	'1960-01-01',	'female',	1,	0,	NULL,	'2025-12-31 16:02:33',	'2025-12-31 16:02:33'),
(16,	'Rajendran',	'1955-01-01',	'male',	1,	0,	'Coimbatore',	'2025-12-31 16:03:21',	'2026-01-01 14:28:48'),
(17,	'Manokaran',	'1960-01-01',	'male',	1,	0,	NULL,	'2025-12-31 16:04:06',	'2025-12-31 16:04:06'),
(18,	'Jeya Lakshmi',	'1962-01-01',	'female',	1,	0,	NULL,	'2025-12-31 16:04:33',	'2025-12-31 16:04:33'),
(19,	'Radha Krishnan',	'1973-01-01',	'male',	1,	0,	NULL,	'2025-12-31 16:05:03',	'2025-12-31 16:05:03'),
(20,	'AnbuSelvi',	'1975-01-01',	'female',	1,	0,	'Madurai',	'2025-12-31 16:06:40',	'2026-01-01 14:31:22'),
(21,	'Jamuna',	'1978-01-01',	'female',	1,	0,	NULL,	'2025-12-31 16:06:55',	'2025-12-31 16:06:55'),
(22,	'Murugan',	'1980-01-01',	'male',	1,	0,	NULL,	'2025-12-31 16:07:14',	'2025-12-31 16:07:14'),
(23,	'Senthil',	'1990-01-01',	'male',	1,	0,	NULL,	'2025-12-31 16:08:23',	'2025-12-31 16:08:23'),
(24,	'Sathya',	'1993-01-01',	'female',	1,	0,	NULL,	'2025-12-31 16:09:12',	'2025-12-31 16:09:12'),
(25,	'Harini',	'2016-01-01',	'female',	1,	0,	NULL,	'2025-12-31 16:09:36',	'2025-12-31 16:09:36'),
(26,	'Sai Hari',	'2019-01-01',	'male',	1,	0,	NULL,	'2025-12-31 16:10:28',	'2025-12-31 16:10:28'),
(27,	'Eswari',	'1970-01-01',	'female',	1,	0,	NULL,	'2025-12-31 16:11:42',	'2025-12-31 16:11:42'),
(28,	'Saranya',	'1992-01-01',	'female',	1,	0,	NULL,	'2025-12-31 16:11:56',	'2025-12-31 16:11:56'),
(29,	'Priya',	'1994-01-01',	'female',	1,	0,	NULL,	'2025-12-31 16:12:17',	'2025-12-31 16:12:17'),
(30,	'Alagar',	'2005-01-01',	'male',	1,	0,	NULL,	'2025-12-31 16:13:37',	'2025-12-31 16:13:37'),
(32,	'Dhanam',	'1979-01-01',	'female',	1,	0,	NULL,	'2025-12-31 16:18:17',	'2025-12-31 16:18:17'),
(33,	'Sasi',	'1989-01-01',	'female',	1,	0,	NULL,	'2025-12-31 16:18:48',	'2025-12-31 16:18:48'),
(34,	'Priya',	'1992-01-01',	'female',	1,	0,	NULL,	'2025-12-31 16:19:11',	'2025-12-31 16:19:11'),
(35,	'Nataraj',	'1996-01-01',	'male',	1,	0,	NULL,	'2025-12-31 16:21:34',	'2025-12-31 16:21:34'),
(36,	'Sankar',	'1970-01-01',	'male',	1,	0,	NULL,	'2026-01-01 12:27:29',	'2026-01-01 12:27:29'),
(37,	'Chithi',	'1992-01-01',	'female',	1,	0,	NULL,	'2026-01-01 12:27:58',	'2026-01-01 12:27:58'),
(38,	'Bhuvana Amma',	'1985-01-01',	'female',	1,	0,	NULL,	'2026-01-01 12:28:34',	'2026-01-01 12:28:34'),
(39,	'Sundar',	'2005-01-01',	'male',	1,	0,	NULL,	'2026-01-01 12:29:39',	'2026-01-01 12:29:39'),
(40,	'Vishnu',	'2015-01-01',	'male',	1,	0,	NULL,	'2026-01-01 12:29:57',	'2026-01-01 12:29:57'),
(41,	'Iswarya',	'2006-01-01',	'female',	1,	0,	NULL,	'2026-01-01 13:18:10',	'2026-01-01 13:18:10'),
(42,	'Rajangam',	'1996-01-01',	'male',	1,	0,	NULL,	'2026-01-01 14:29:32',	'2026-01-01 14:29:32'),
(43,	'Vijayan',	'1971-01-01',	'male',	1,	0,	NULL,	'2026-01-01 14:29:59',	'2026-01-01 14:29:59'),
(44,	'Senthi',	'1972-01-01',	'male',	1,	0,	NULL,	'2026-01-01 14:30:10',	'2026-01-01 14:30:10'),
(45,	'Siva',	'1973-01-01',	'male',	1,	0,	NULL,	'2026-01-01 14:30:25',	'2026-01-01 14:30:25'),
(46,	'Meena',	'1973-01-01',	'female',	1,	0,	NULL,	'2026-01-01 14:30:39',	'2026-01-01 14:30:39'),
(47,	'Boopathi',	'1975-01-01',	'male',	1,	0,	NULL,	'2026-01-01 14:32:01',	'2026-01-01 14:32:01'),
(48,	'Javmiya',	'1972-01-01',	'female',	1,	0,	NULL,	'2026-01-01 14:32:27',	'2026-01-01 14:32:27'),
(49,	'Mani',	'1991-01-01',	'male',	1,	0,	NULL,	'2026-01-01 14:32:39',	'2026-01-01 14:32:39'),
(50,	'Chandran',	'1975-01-01',	'male',	1,	0,	NULL,	'2026-01-01 14:33:05',	'2026-01-01 14:33:05'),
(51,	'Sangeetha',	'1992-01-01',	'female',	1,	0,	NULL,	'2026-01-01 14:33:31',	'2026-01-01 14:33:31'),
(52,	'Sangayaa',	'1999-01-01',	'male',	1,	0,	NULL,	'2026-01-01 14:33:46',	'2026-01-01 14:33:46'),
(53,	'Ajith',	'2005-01-01',	'male',	1,	0,	NULL,	'2026-01-01 14:33:58',	'2026-01-01 14:33:58'),
(55,	'Solai Asari',	'1955-01-01',	'male',	1,	0,	NULL,	'2026-01-01 14:35:22',	'2026-01-01 14:35:22'),
(56,	'Seeniyammal',	'1960-01-01',	'female',	1,	0,	NULL,	'2026-01-01 14:35:41',	'2026-01-01 14:35:41'),
(57,	'Mukkan Asari',	'1960-01-01',	'male',	1,	0,	NULL,	'2026-01-01 14:36:48',	'2026-01-01 14:36:48'),
(58,	'Mariyammal',	'1964-01-01',	'female',	1,	0,	NULL,	'2026-01-01 14:37:03',	'2026-01-01 14:37:03'),
(59,	'Sundar Rasu',	'1967-01-01',	'male',	1,	0,	NULL,	'2026-01-01 14:37:43',	'2026-01-01 14:37:43'),
(60,	'Ponnuthaiyee',	'1968-01-01',	'female',	1,	0,	NULL,	'2026-01-01 14:38:04',	'2026-01-01 14:38:04'),
(61,	'Neelamegam',	'1970-01-01',	'male',	1,	0,	NULL,	'2026-01-01 14:38:39',	'2026-01-01 14:45:35'),
(62,	'Saraswathi',	'1971-01-01',	'female',	1,	0,	NULL,	'2026-01-01 14:38:55',	'2026-01-01 14:38:55'),
(63,	'Subramani',	'1978-01-01',	'male',	1,	0,	NULL,	'2026-01-01 14:39:41',	'2026-01-01 14:39:41'),
(64,	'Subbaiya',	'1980-01-01',	'male',	1,	0,	NULL,	'2026-01-01 14:40:01',	'2026-01-01 14:40:01'),
(65,	'Chokkalingam',	'1981-01-01',	'male',	1,	0,	NULL,	'2026-01-01 14:40:26',	'2026-01-01 14:40:26'),
(66,	'Angappan Wife',	'1996-01-01',	'female',	1,	0,	NULL,	'2026-01-01 14:52:11',	'2026-01-01 14:52:11'),
(68,	'Karthick',	'1996-01-01',	'male',	1,	0,	NULL,	'2026-01-01 14:53:39',	'2026-01-01 14:53:39'),
(69,	'Dharmarasu',	'1996-01-01',	'male',	1,	0,	NULL,	'2026-01-01 14:53:50',	'2026-01-01 14:53:50'),
(70,	'Baskar',	'1996-01-01',	'male',	1,	0,	NULL,	'2026-01-01 14:54:10',	'2026-01-01 14:54:10'),
(71,	'Chandra',	'1996-01-01',	'female',	1,	0,	NULL,	'2026-01-01 14:54:26',	'2026-01-01 14:54:26'),
(72,	'JeyaGopalan',	'1996-01-01',	'male',	1,	0,	NULL,	'2026-01-01 14:54:57',	'2026-01-01 14:54:57'),
(73,	'Seeni',	'1996-01-01',	'male',	1,	0,	NULL,	'2026-01-01 14:55:14',	'2026-01-01 14:55:14'),
(74,	'Radha',	'1996-01-01',	'male',	1,	0,	NULL,	'2026-01-01 14:55:24',	'2026-01-01 14:55:24'),
(75,	'Murugan',	'1996-01-01',	'male',	1,	0,	NULL,	'2026-01-01 14:55:34',	'2026-01-01 14:55:34'),
(76,	'Ravi',	'1996-01-01',	'male',	1,	0,	NULL,	'2026-01-01 14:55:42',	'2026-01-01 14:55:42'),
(77,	'RamaKrishnan',	'1996-01-01',	'male',	1,	0,	NULL,	'2026-01-01 14:56:02',	'2026-01-01 14:56:02'),
(78,	'Sudha',	'1996-01-01',	'female',	1,	0,	NULL,	'2026-01-01 14:56:56',	'2026-01-01 14:56:56'),
(79,	'tamil',	'1996-01-01',	'female',	1,	0,	NULL,	'2026-01-01 14:57:13',	'2026-01-01 14:57:13'),
(80,	'Geetha',	'1996-01-01',	'female',	1,	0,	NULL,	'2026-01-01 14:57:37',	'2026-01-01 14:57:37'),
(81,	'Sister 2',	'1996-01-01',	'female',	1,	0,	NULL,	'2026-01-01 14:57:51',	'2026-01-01 14:57:51'),
(82,	'Kannan',	'1996-01-01',	'male',	1,	0,	NULL,	'2026-01-01 14:58:28',	'2026-01-01 14:58:28'),
(83,	'Gopi',	'1996-01-01',	'male',	1,	0,	NULL,	'2026-01-01 14:58:35',	'2026-01-01 14:58:35'),
(84,	'Ilango',	'1996-01-01',	'male',	1,	0,	NULL,	'2026-01-01 14:58:46',	'2026-01-01 14:58:46'),
(85,	'Shanti',	'1996-01-01',	'female',	1,	0,	NULL,	'2026-01-01 14:59:01',	'2026-01-01 14:59:01'),
(86,	'Vijayan',	'1996-01-01',	'male',	1,	0,	NULL,	'2026-01-01 14:59:58',	'2026-01-01 14:59:58'),
(87,	'Venkatesh',	'1996-01-01',	'male',	1,	0,	NULL,	'2026-01-01 15:00:11',	'2026-01-01 15:00:11'),
(88,	'Brother 1',	'1996-01-01',	'male',	1,	0,	NULL,	'2026-01-01 15:00:32',	'2026-01-01 15:00:32'),
(89,	'Sister 1',	'1996-01-01',	'female',	1,	0,	NULL,	'2026-01-01 15:00:44',	'2026-01-01 15:00:44');

DROP TABLE IF EXISTS `spouses`;
CREATE TABLE `spouses` (
  `id` bigint NOT NULL AUTO_INCREMENT,
  `person_id` int NOT NULL,
  `spouse_id` int NOT NULL,
  `created_at` timestamp NOT NULL,
  `updated_at` timestamp NULL DEFAULT NULL,
  PRIMARY KEY (`id`),
  UNIQUE KEY `person1_id` (`person_id`,`spouse_id`)
) ENGINE=InnoDB DEFAULT CHARSET=utf8mb4 COLLATE=utf8mb4_unicode_ci;

INSERT INTO `spouses` (`id`, `person_id`, `spouse_id`, `created_at`, `updated_at`) VALUES
(1,	2,	3,	'2025-12-31 15:57:25',	'2025-12-31 15:57:25'),
(2,	1,	5,	'2025-12-31 15:58:04',	'2025-12-31 15:58:04'),
(3,	6,	7,	'2025-12-31 15:58:52',	'2025-12-31 15:58:52'),
(4,	8,	10,	'2025-12-31 16:00:22',	'2025-12-31 16:00:22'),
(5,	14,	15,	'2025-12-31 16:02:33',	'2025-12-31 16:02:33'),
(6,	23,	24,	'2025-12-31 16:09:12',	'2025-12-31 16:09:12'),
(7,	17,	27,	'2025-12-31 16:11:42',	'2025-12-31 16:11:42'),
(8,	19,	32,	'2025-12-31 16:18:17',	'2025-12-31 16:18:17'),
(9,	20,	35,	'2025-12-31 16:21:34',	'2025-12-31 16:21:34'),
(10,	36,	37,	'2026-01-01 12:27:58',	'2026-01-01 12:27:58'),
(11,	36,	38,	'2026-01-01 12:28:34',	'2026-01-01 12:28:34'),
(12,	18,	42,	'2026-01-01 14:29:32',	'2026-01-01 14:29:32'),
(13,	21,	50,	'2026-01-01 14:33:05',	'2026-01-01 14:33:05'),
(14,	55,	56,	'2026-01-01 14:35:41',	'2026-01-01 14:35:41'),
(15,	57,	58,	'2026-01-01 14:37:03',	'2026-01-01 14:37:03'),
(16,	59,	60,	'2026-01-01 14:38:04',	'2026-01-01 14:38:04'),
(17,	61,	62,	'2026-01-01 14:38:55',	'2026-01-01 14:38:55');

-- 2026-01-01 15:06:49 UTC
